Workbook

Sheet RGCN per fold POS
A1: FOLD | B1: 1 | C1: 2 | D1: 3 | E1: 4 | F1: 5 | G1: 6 | H1: 7 | I1: 8 | J1: 9 | K1: 10 | L1: AVERAGE | M1: STD DEVIATION
A2: Prec | L2: =AVERAGE(B2:K2) -> #DIV/0! | M2: =STDEV(B2:H2) -> #DIV/0!
A3: Recall | L3: =AVERAGE(B3:K3) -> #DIV/0! | M3: =STDEV(B3:H3) -> #DIV/0!
A4: F-Score | L4: =AVERAGE(B4:K4) -> #DIV/0! | M4: =STDEV(B4:H4) -> #DIV/0!
A6: Average | B6: Precision: | C6: 0.16978834
A7: Average | B7: Recall: | C7: 0.16635985
A8: Average | B8: F1-score: | C8: 0.16151159
A11: F-SCORES PER CLASS PER FOLD
A12: FOLD | B12: 1 | C12: 2 | D12: 3 | E12: 4 | F12: 5 | G12: 6 | H12: 7 | I12: 8 | J12: 9 | K12: 10
A13: Class 1 | B13: 0.23333333 | C13: 0.237691 | D13: 0.16453382 | E13: 0.2962406 | F13: 0.27088402 | G13: 0.15636822 | H13: 0.31506849 | I13: 0.245142 | J13: 0.33360324 | K13: 0.25661588 | L13: =AVERAGE(B13:K13) -> 0.25094806 | M13: =STDEV(B13:H13) -> 0.061218681
A14: Class 2 | B14: 0.30679612 | C14: 0.26045016 | D14: 0.1512605 | E14: 0.24329159 | F14: 0.24980725 | G14: 0.30194553 | H14: 0.24189723 | I14: 0.19546248 | J14: 0.21261261 | K14: 0.2620155 | L14: =AVERAGE(B14:K14) -> 0.2425539 | M14: =STDEV(B14:H14) -> 0.051460801
A15: Class 3 | B15: 0.21311475 | C15: 0.24042272 | D15: 0.2772093 | E15: 0.23753666 | F15: 0.15823606 | G15: 0.22848879 | H15: 0.089403974 | I15: 0.11652794 | J15: 0.21661998 | K15: 0.11390285 | L15: =AVERAGE(B15:K15) -> 0.1891463 | M15: =STDEV(B15:H15) -> 0.062824904
A16: Class 4 | B16: 0.12765957 | C16: 0.075253256 | D16: 0.24561404 | E16: 0.11699164 | F16: 0.18157182 | G16: 0.18895706 | H16: 0.098737084 | I16: 0.074927954 | J16: 0.31318681 | K16: 0.17003188 | L16: =AVERAGE(B16:K16) -> 0.15929311 | M16: =STDEV(B16:H16) -> 0.059759254
A17: Class 5 | B17: 0.14678899 | C17: 0.099236641 | D17: 0.20654912 | E17: 0.069306931 | F17: 0.19773096 | G17: 0.047368421 | H17: 0.16042781 | I17: 0.13312203 | J17: 0.075098814 | K17: 0.13565217 | L17: =AVERAGE(B17:K17) -> 0.12712819 | M17: =STDEV(B17:H17) -> 0.062007643
A19: PREC PER CLASS PER FOLD
A20: FOLD | B20: 1 | C20: 2 | D20: 3 | E20: 4 | F20: 5 | G20: 6 | H20: 7 | I20: 8 | J20: 9 | K20: 10
A21: Class 1 | B21: 0.31989247 | C21: 0.26415094 | D21: 0.20179372 | E21: 0.2888563 | F21: 0.28694158 | G21: 0.42758621 | H21: 0.35384615 | I21: 0.23768116 | J21: 0.35093697 | K21: 0.26711185 | L21: =AVERAGE(B21:K21) -> 0.29987974 | M21: =STDEV(B21:H21) -> 0.071335732
A22: Class 2 | B22: 0.25732899 | C22: 0.26129032 | D22: 0.2195122 | E22: 0.27530364 | F22: 0.24071322 | G22: 0.29216867 | H22: 0.23868955 | I22: 0.21455939 | J22: 0.24279835 | K22: 0.25375375 | L22: =AVERAGE(B22:K22) -> 0.24961181 | M22: =STDEV(B22:H22) -> 0.024386703
A23: Class 3 | B23: 0.25 | C23: 0.27002967 | D23: 0.22748092 | E23: 0.30916031 | F23: 0.17378917 | G23: 0.16458333 | H23: 0.14917127 | I23: 0.11638955 | J23: 0.1781874 | K23: 0.1920904 | L23: =AVERAGE(B23:K23) -> 0.2030882 | M23: =STDEV(B23:H23) -> 0.060040418
A24: Class 4 | B24: 0.12396694 | C24: 0.074498567 | D24: 0.22807018 | E24: 0.11170213 | F24: 0.1679198 | G24: 0.16176471 | H24: 0.080827068 | I24: 0.073239437 | J24: 0.29305913 | K24: 0.13289037 | L24: =AVERAGE(B24:K24) -> 0.14479383 | M24: =STDEV(B24:H24) -> 0.054344213
A25: Class 5 | B25: 0.13333333 | C25: 0.079268293 | D25: 0.164 | E25: 0.054474708 | F25: 0.18885449 | G25: 0.10843373 | H25: 0.13215859 | I25: 0.12462908 | J25: 0.089622642 | K25: 0.13879004 | L25: =AVERAGE(B25:K25) -> 0.12135649 | M25: =STDEV(B25:H25) -> 0.046598986
A27: REC PER CLASS PER FOLD
A28: FOLD | B28: 1 | C28: 2 | D28: 3 | E28: 4 | F28: 5 | G28: 6 | H28: 7 | I28: 8 | J28: 9 | K28: 10
A29: Class 1 | B29: 0.18364198 | C29: 0.21604938 | D29: 0.13888889 | E29: 0.30401235 | F29: 0.25652842 | G29: 0.095679012 | H29: 0.28395062 | I29: 0.25308642 | J29: 0.31790123 | K29: 0.24691358 | L29: =AVERAGE(B29:K29) -> 0.22966519 | M29: =STDEV(B29:H29) -> 0.076722865
A30: Class 2 | B30: 0.37980769 | C30: 0.25961538 | D30: 0.11538462 | E30: 0.21794872 | F30: 0.25961538 | G30: 0.31239936 | H30: 0.24519231 | I30: 0.17948718 | J30: 0.18910256 | K30: 0.27083333 | L30: =AVERAGE(B30:K30) -> 0.24293865 | M30: =STDEV(B30:H30) -> 0.081519092
A31: Class 3 | B31: 0.18571429 | C31: 0.21666667 | D31: 0.3547619 | E31: 0.19285714 | F31: 0.1452381 | G31: 0.37352246 | H31: 0.063829787 | I31: 0.11666667 | J31: 0.27619048 | K31: 0.080952381 | L31: =AVERAGE(B31:K31) -> 0.20063999 | M31: =STDEV(B31:H31) -> 0.11077297
A32: Class 4 | B32: 0.13157895 | C32: 0.076023392 | D32: 0.26608187 | E32: 0.12280702 | F32: 0.19764012 | G32: 0.22713864 | H32: 0.12684366 | I32: 0.076696165 | J32: 0.33628319 | K32: 0.2359882 | L32: =AVERAGE(B32:K32) -> 0.17970812 | M32: =STDEV(B32:H32) -> 0.067586138
A33: Class 5 | B33: 0.16326531 | C33: 0.13265306 | D33: 0.27891156 | E33: 0.095238095 | F33: 0.20748299 | G33: 0.03030303 | H33: 0.20408163 | I33: 0.14285714 | J33: 0.06462585 | K33: 0.13265306 | L33: =AVERAGE(B33:K33) -> 0.14520717 | M33: =STDEV(B33:H33) -> 0.081754124
L34: =AVERAGE(B34:K34) -> #DIV/0! | M34: =STDEV(B34:H34) -> #DIV/0!

Sheet FINAL OVERALL RESULTS TABLE
E2: ONLY POSITIVES (EXCLUDE NEGATIVE CLASS)
C3: RGCN
B4: PRECISION | D4: RECALL | F4: F1-score
B5: avg | C5: std.dev | D5: avg | E5: std.dev | F5: avg | G5: std.dev
A6: Class 1 | B6: ='RGCN per fold POS'!L21 -> 0.29987974 | C6: ='RGCN per fold POS'!M21 -> 0.071335732 | D6: ='RGCN per fold POS'!L29 -> 0.22966519 | E6: ='RGCN per fold POS'!M29 -> 0.076722865 | F6: ='RGCN per fold POS'!L13 -> 0.25094806 | G6: ='RGCN per fold POS'!M13 -> 0.061218681
A7: Class 2 | B7: ='RGCN per fold POS'!L22 -> 0.24961181 | C7: ='RGCN per fold POS'!M22 -> 0.024386703 | D7: ='RGCN per fold POS'!L30 -> 0.24293865 | E7: ='RGCN per fold POS'!M30 -> 0.081519092 | F7: ='RGCN per fold POS'!L14 -> 0.2425539 | G7: ='RGCN per fold POS'!M14 -> 0.051460801
A8: Class 3 | B8: ='RGCN per fold POS'!L23 -> 0.2030882 | C8: ='RGCN per fold POS'!M23 -> 0.060040418 | D8: ='RGCN per fold POS'!L31 -> 0.20063999 | E8: ='RGCN per fold POS'!M31 -> 0.11077297 | F8: ='RGCN per fold POS'!L15 -> 0.1891463 | G8: ='RGCN per fold POS'!M15 -> 0.062824904
A9: Class 4 | B9: ='RGCN per fold POS'!L24 -> 0.14479383 | C9: ='RGCN per fold POS'!M24 -> 0.054344213 | D9: ='RGCN per fold POS'!L32 -> 0.17970812 | E9: ='RGCN per fold POS'!M32 -> 0.067586138 | F9: ='RGCN per fold POS'!L16 -> 0.15929311 | G9: ='RGCN per fold POS'!M16 -> 0.059759254
A10: Class 5 | B10: ='RGCN per fold POS'!L25 -> 0.12135649 | C10: ='RGCN per fold POS'!M25 -> 0.046598986 | D10: ='RGCN per fold POS'!L33 -> 0.14520717 | E10: ='RGCN per fold POS'!M33 -> 0.081754124 | F10: ='RGCN per fold POS'!L17 -> 0.12712819 | G10: ='RGCN per fold POS'!M17 -> 0.062007643
