Workbook

Sheet RGCN per fold
A1: FOLD | B1: 1 | C1: 2 | D1: 3 | E1: 4 | F1: 5 | G1: 6 | H1: 7 | I1: 8 | J1: 9 | K1: 10 | L1: AVERAGE | M1: STD DEVIATION
A2: Prec | B2: 0.17007965 | C2: 0.18458577 | D2: 0.18170216 | E2: 0.11016808 | F2: 0.15273044 | G2: 0.17316199 | H2: 0.19312752 | I2: 0.16375902 | J2: 0.15206987 | K2: 0.17825535 | L2: =AVERAGE(B2:K2) -> 0.16596398 | M2: =STDEV(B2:H2) -> 0.027950274
A3: Recall | B3: 0.20776582 | C3: 0.14996677 | D3: 0.17543867 | E3: 0.15861328 | F3: 0.15409573 | G3: 0.17545311 | H3: 0.21654724 | I3: 0.14144444 | J3: 0.1709321 | K3: 0.1713736 | L3: =AVERAGE(B3:K3) -> 0.17216308 | M3: =STDEV(B3:H3) -> 0.026168187
A4: F-Score | B4: 0.10038736 | C4: 0.074949519 | D4: 0.15217146 | E4: 0.057017848 | F4: 0.09858 | G4: 0.12096423 | H4: 0.13877322 | I4: 0.084430089 | J4: 0.12719698 | K4: 0.11338528 | L4: =AVERAGE(B4:K4) -> 0.1067856 | M4: =STDEV(B4:H4) -> 0.03386162
A6: Average | B6: Precision: | C6: 0.16596398
A7: Average | B7: Recall: | C7: 0.17216308
A8: Average | B8: F1-score: | C8: 0.1067856
A11: F-SCORES PER CLASS PER FOLD
A12: FOLD | B12: 1 | C12: 2 | D12: 3 | E12: 4 | F12: 5 | G12: 6 | H12: 7 | I12: 8 | J12: 9 | K12: 10
A13: Class 0 | B13: 0.15266701 | C13: 0.30189753 | D13: 0.30981362 | E13: 0.6143375 | F13: 0.22691706 | G13: 0.25459444 | H13: 0.35592297 | I13: 0.32366579 | J13: 0.26390884 | K13: 0.3543729 | L13: =AVERAGE(B13:K13) -> 0.31580977 | M13: =STDEV(B13:H13) -> 0.14675256
A14: Class 1 | B14: 0.11307101 | C14: 0.13085622 | D14: 0.12785388 | E14: 0.1023622 | F14: 0.023759609 | G14: 0.067564001 | H14: 0.053108027 | I14: 0.047074647 | J14: 0.088777219 | K14: 0.094391785 | L14: =AVERAGE(B14:K14) -> 0.08488186 | M14: =STDEV(B14:H14) -> 0.040867217
A15: Class 2 | B15: 0.11124845 | C15: 0.064566929 | D15: 0.062923138 | E15: 0 | F15: 0.070699136 | G15: 0.081180812 | H15: 0.066610098 | I15: 0.098335269 | J15: 0.11072961 | K15: 0.09153605 | L15: =AVERAGE(B15:K15) -> 0.07578295 | M15: =STDEV(B15:H15) -> 0.033328172
A16: Class 3 | B16: 0.087649402 | C16: 0.047811994 | D16: 0.022646007 | E16: 0.092838196 | F16: 0.080489939 | G16: 0.081469649 | H16: 0.074438971 | I16: 0.020525204 | J16: 0.059549746 | K16: 0.07356805 | L16: =AVERAGE(B16:K16) -> 0.064098716 | M16: =STDEV(B16:H16) -> 0.02525893
A17: Class 4 | B17: 0.093128904 | C17: 0.024439919 | D17: 0.069955157 | E17: 0.064244339 | F17: 0.053951236 | G17: 0.014814815 | H17: 0.048175182 | I17: 0.042260961 | J17: 0.026751963 | K17: 0.10871795 | L17: =AVERAGE(B17:K17) -> 0.054644043 | M17: =STDEV(B17:H17) -> 0.026837357
A18: Class 5 | B18: 0.034949267 | C18: 0.042027194 | D18: 0.052194543 | E18: 0.077614379 | F18: 0.039634146 | G18: 0.067476383 | H18: 0.072347267 | I18: 0.077871512 | J18: 0.044589451 | K18: 0.059936909 | L18: =AVERAGE(B18:K18) -> 0.056864105 | M18: =STDEV(B18:H18) -> 0.017234088
A20: PREC PER CLASS PER FOLD
A21: FOLD | B21: 1 | C21: 2 | D21: 3 | E21: 4 | F21: 5 | G21: 6 | H21: 7 | I21: 8 | J21: 9 | K21: 10
A22: Class 0 | B22: 0.6875 | C22: 0.81297905 | D22: 0.84273151 | E22: 0.8415079 | F22: 0.70688605 | G22: 0.73053562 | H22: 0.80750206 | I22: 0.73675497 | J22: 0.74086022 | K22: 0.80354201 | L22: =AVERAGE(B22:K22) -> 0.77107994 | M22: =STDEV(B22:H22) -> 0.065548219
A23: Class 1 | B23: 0.079974408 | C23: 0.088621444 | D23: 0.11073446 | E23: 0.068710359 | F23: 0.021794872 | G23: 0.040751353 | H23: 0.043607532 | I23: 0.041716329 | J23: 0.06091954 | K23: 0.054121377 | L23: =AVERAGE(B23:K23) -> 0.061095168 | M23: =STDEV(B23:H23) -> 0.03109083
A24: Class 2 | B24: 0.09054326 | C24: 0.063467492 | D24: 0.035925421 | E24: 0 | F24: 0.069337442 | G24: 0.060344828 | H24: 0.038386308 | I24: 0.064828994 | J24: 0.075615475 | K24: 0.075180227 | L24: =AVERAGE(B24:K24) -> 0.057362945 | M24: =STDEV(B24:H24) -> 0.029240096
A25: Class 3 | B25: 0.065868263 | C25: 0.026129318 | D25: 0.015103339 | E25: 0.10479042 | F25: 0.06362379 | G25: 0.049014897 | H25: 0.048433048 | I25: 0.011752506 | J25: 0.042842215 | K25: 0.047201618 | L25: =AVERAGE(B25:K25) -> 0.047475941 | M25: =STDEV(B25:H25) -> 0.02931178
A26: Class 4 | B26: 0.057787174 | C26: 0.01875 | D26: 0.041313559 | E26: 0.039177906 | F26: 0.0286554 | G26: 0.009180791 | H26: 0.032007759 | I26: 0.025740026 | J26: 0.01483871 | K26: 0.083333333 | L26: =AVERAGE(B26:K26) -> 0.035078466 | M26: =STDEV(B26:H26) -> 0.015861533
A27: Class 5 | B27: 0.01849642 | C27: 0.025679758 | D27: 0.04007286 | E27: 0.044103993 | F27: 0.023297491 | G27: 0.042194093 | H27: 0.047368421 | I27: 0.048115477 | J27: 0.026537217 | K27: 0.039014374 | L27: =AVERAGE(B27:K27) -> 0.03548801 | M27: =STDEV(B27:H27) -> 0.011600894
A29: REC PER CLASS PER FOLD
A30: FOLD | B30: 1 | C30: 2 | D30: 3 | E30: 4 | F30: 5 | G30: 6 | H30: 7 | I30: 8 | J30: 9 | K30: 10
A31: Class 0 | B31: 0.085867412 | C31: 0.18536642 | D31: 0.18979378 | E31: 0.48374694 | F31: 0.13515088 | G31: 0.15415987 | H31: 0.22826847 | I31: 0.20738669 | J31: 0.16054992 | K31: 0.2273098 | L31: =AVERAGE(B31:K31) -> 0.20576002 | M31: =STDEV(B31:K31) -> 0.10697229
A32: Class 1 | B32: 0.19290123 | C32: 0.25 | D32: 0.15123457 | E32: 0.20061728 | F32: 0.026113671 | G32: 0.19753086 | H32: 0.067901235 | I32: 0.054012346 | J32: 0.16358025 | K32: 0.36882716 | L32: =AVERAGE(B32:K32) -> 0.16727186 | M32: =STDEV(B32:K32) -> 0.10168118
A33: Class 2 | B33: 0.14423077 | C33: 0.065705128 | D33: 0.25320513 | E33: 0 | F33: 0.072115385 | G33: 0.12399356 | H33: 0.25160256 | I33: 0.20352564 | J33: 0.20673077 | K33: 0.11698718 | L33: =AVERAGE(B33:K33) -> 0.14380961 | M33: =STDEV(B33:K33) -> 0.084423304
A34: Class 3 | B34: 0.13095238 | C34: 0.28095238 | D34: 0.045238095 | E34: 0.083333333 | F34: 0.10952381 | G34: 0.24113475 | H34: 0.1607565 | I34: 0.080952381 | J34: 0.097619048 | K34: 0.16666667 | L34: =AVERAGE(B34:K34) -> 0.13971293 | M34: =STDEV(B34:K34) -> 0.074327567
A35: Class 4 | B35: 0.23976608 | C35: 0.035087719 | D35: 0.22807018 | E35: 0.17836257 | F35: 0.46017699 | G35: 0.038348083 | H35: 0.097345133 | I35: 0.1179941 | J35: 0.13569322 | K35: 0.15634218 | L35: =AVERAGE(B35:K35) -> 0.16871863 | M35: =STDEV(B35:K35) -> 0.12354758
A36: Class 5 | B36: 0.31632653 | C36: 0.11564626 | D36: 0.074829932 | E36: 0.32312925 | F36: 0.13265306 | G36: 0.16835017 | H36: 0.15306122 | I36: 0.20408163 | J36: 0.13945578 | K36: 0.1292517 | L36: =AVERAGE(B36:K36) -> 0.17567855 | M36: =STDEV(B36:K36) -> 0.082991701

Sheet FINAL OVERALL RESULTS TABLE
C1: RGCN
B2: PRECISION | D2: RECALL | F2: F1-score
B3: avg | C3: std.dev | D3: avg | E3: std.dev | F3: avg | G3: std.dev
A4: Class 0 | B4: ='RGCN per fold'!L22 -> 0.77107994 | C4: ='RGCN per fold'!M22 -> 0.065548219 | D4: ='RGCN per fold'!L31 -> 0.20576002 | E4: ='RGCN per fold'!M31 -> 0.10697229 | F4: ='RGCN per fold'!L13 -> 0.31580977 | G4: ='RGCN per fold'!M13 -> 0.14675256
A5: Class 1 | B5: ='RGCN per fold'!L23 -> 0.061095168 | C5: ='RGCN per fold'!M23 -> 0.03109083 | D5: ='RGCN per fold'!L32 -> 0.16727186 | E5: ='RGCN per fold'!M32 -> 0.10168118 | F5: ='RGCN per fold'!L14 -> 0.08488186 | G5: ='RGCN per fold'!M14 -> 0.040867217
A6: Class 2 | B6: ='RGCN per fold'!L24 -> 0.057362945 | C6: ='RGCN per fold'!M24 -> 0.029240096 | D6: ='RGCN per fold'!L33 -> 0.14380961 | E6: ='RGCN per fold'!M33 -> 0.084423304 | F6: ='RGCN per fold'!L15 -> 0.07578295 | G6: ='RGCN per fold'!M15 -> 0.033328172
A7: Class 3 | B7: ='RGCN per fold'!L25 -> 0.047475941 | C7: ='RGCN per fold'!M25 -> 0.02931178 | D7: ='RGCN per fold'!L34 -> 0.13971293 | E7: ='RGCN per fold'!M34 -> 0.074327567 | F7: ='RGCN per fold'!L16 -> 0.064098716 | G7: ='RGCN per fold'!M16 -> 0.02525893
A8: Class 4 | B8: ='RGCN per fold'!L26 -> 0.035078466 | C8: ='RGCN per fold'!M26 -> 0.015861533 | D8: ='RGCN per fold'!L35 -> 0.16871863 | E8: ='RGCN per fold'!M35 -> 0.12354758 | F8: ='RGCN per fold'!L17 -> 0.054644043 | G8: ='RGCN per fold'!M17 -> 0.026837357
A9: Class 5 | B9: ='RGCN per fold'!L27 -> 0.03548801 | C9: ='RGCN per fold'!M27 -> 0.011600894 | D9: ='RGCN per fold'!L36 -> 0.17567855 | E9: ='RGCN per fold'!M36 -> 0.082991701 | F9: ='RGCN per fold'!L18 -> 0.056864105 | G9: ='RGCN per fold'!M18 -> 0.017234088
